FileName,StudentName,Genre,ReviewType,MovieTitle
RSV_Doc1_MinorityReport,RSV,Sci-Fi,Positive,Minority Report
RSV_Doc2_MinorityReport,RSV,Sci-Fi,Positive,Minority Report
RSV_Doc3_MinorityReport,RSV,Sci-Fi,Positive,Minority Report
RSV_Doc4_MinorityReport,RSV,Sci-Fi,Positive,Minority Report
RSV_Doc5_MinorityReport,RSV,Sci-Fi,Positive,Minority Report
RSV_Doc6_MinorityReport,RSV,Sci-Fi,Negative,Minority Report
RSV_Doc7_MinorityReport,RSV,Sci-Fi,Negative,Minority Report
RSV_Doc8_MinorityReport,RSV,Sci-Fi,Negative,Minority Report
RSV_Doc9_MinorityReport,RSV,Sci-Fi,Negative,Minority Report
RSV_Doc10_MinorityReport,RSV,Sci-Fi,Negative,Minority Report
